1,Продам,Мотоцикл,2016-03-10
2,Продам,Автомобиль,2016-03-10
3,Куплю,"Педали YAMAHA",2016-03-10
4,Продам,Автосруль,2016-03-10
5,Продам,Мотоцикл,2016-03-10
6,Продам,Автомобиль,2016-03-10
7,Куплю,"zoosporous",2016-03-10
8,Продам,synedrial,2016-03-10
9,Продам,domainal,2016-03-10
10,Куплю,topically,2016-03-10
11,Продам,rickliner,2016-03-10
12,Куплю,"Баклана 90-го года. с родным пробегом. Цвет - желательно пурпурный. Звоните строго до 20.00! Каканя",2016-03-10
13,Продам,"Газ/бензин ЗАЗ хуида, хетчбэк, кузов из титана, антиколорадское покрытие",2016-03-10
14,Продам,"Фаллоимитатор KING-KONG, пользовался один раз, не бит, не испачкан, брался исключительно по прямому назначению. Батарейки в комплекте!Полный фарш. Вложений не требует.",2016-03-10
